0.016;0.019;-0.900
-0.002;0.036;-0.884
-0.044;-0.017;-0.882
0.033;0.036;-0.874
-0.002;-0.248;-0.849
-0.062;0.000;-0.847
-0.002;-0.513;-0.853
0.068;-0.053;-0.847
0.087;-0.460;-0.831
0.109;-0.478;-0.829
-0.073;-0.496;-0.842
0.033;-0.230;-0.843
-0.073;-0.525;-0.829
-0.057;-0.336;-0.829
0.078;0.000;-0.829
-0.020;-0.372;-0.830
0.016;-0.549;-0.813
0.069;0.041;-0.811
-0.092;-0.443;-0.811
0.102;-0.195;-0.811
-0.020;-0.106;-0.813
0.087;-0.301;-0.825
0.055;-0.124;-0.811
0.087;-0.443;-0.825
-0.108;-0.238;-0.811
-0.036;0.089;-0.794
0.033;0.115;-0.794
0.087;-0.080;-0.794
0.104;-0.177;-0.802
-0.091;-0.212;-0.811
0.122;-0.301;-0.800
-0.126;-0.221;-0.794
-0.020;0.124;-0.776
0.045;0.881;0.010
0.180;-0.425;-0.776
0.016;-0.567;-0.786
0.016;-0.572;-0.776
0.157;-0.537;-0.776
0.122;-0.159;-0.777
-0.126;-0.394;-0.776
-0.175;-0.443;-0.758
0.211;-0.443;-0.761
-0.091;-0.052;-0.758
0.051;-0.578;-0.758
-0.108;-0.159;-0.765
-0.161;-0.283;-0.758
-0.161;-0.407;-0.758
-0.037;0.126;-0.741
-0.127;-0.141;-0.741
-0.126;-0.567;-0.752
-0.179;-0.389;-0.742
-0.179;-0.443;-0.755
0.175;-0.195;-0.755
0.211;-0.425;-0.756
0.070;-0.584;-0.741
0.033;0.160;-0.734
-0.073;0.053;-0.728
-0.144;-0.124;-0.723
-0.161;-0.159;-0.731
-0.215;-0.460;-0.727
0.202;-0.319;-0.723
0.239;-0.389;-0.723
0.114;-0.584;-0.723
-0.144;-0.584;-0.705
-0.037;-0.612;-0.705
0.072;0.301;-0.705
-0.051;0.124;-0.705
0.177;-0.088;-0.705
-0.126;-0.053;-0.708
0.228;-0.265;-0.712
0.263;-0.407;-0.705
0.175;-0.566;-0.705
0.224;-0.513;-0.705
0.069;0.377;-0.687
-0.205;-0.549;-0.687
0.069;0.319;-0.705
-0.020;0.231;-0.702
0.087;0.319;-0.704
0.157;0.337;-0.697
0.122;0.284;-0.687
-0.250;-0.177;-0.695
0.175;-0.053;-0.701
0.193;-0.124;-0.704
-0.232;-0.283;-0.698
0.264;-0.265;-0.690
-0.231;-0.513;-0.687
0.104;-0.604;-0.687
-0.073;0.384;-0.670
0.193;0.372;-0.675
-0.165;0.301;-0.670
0.212;0.319;-0.670
0.065;0.213;-0.670
0.220;-0.017;-0.670
0.281;-0.071;-0.676
-0.268;-0.159;-0.687
-0.156;-0.017;-0.670
-0.286;-0.265;-0.670
0.302;-0.354;-0.670
0.252;-0.496;-0.670
0.246;-0.506;-0.670
-0.144;0.390;-0.652
-0.091;0.406;-0.652
0.016;0.408;-0.660
-0.179;0.301;-0.664
-0.108;0.245;-0.652
-0.105;0.071;-0.652
-0.232;-0.050;-0.652
0.317;-0.071;-0.661
-0.161;0.000;-0.653
-0.161;-0.017;-0.666
-0.303;-0.283;-0.659
-0.285;-0.407;-0.654
0.140;-0.602;-0.662
0.220;-0.549;-0.652
-0.179;0.390;-0.637
-0.091;0.408;-0.651
0.140;0.243;-0.634
-0.243;0.319;-0.634
0.087;0.160;-0.637
0.175;0.045;-0.634
0.281;-0.016;-0.634
-0.303;-0.088;-0.639
-0.321;-0.195;-0.651
-0.212;-0.017;-0.634
-0.321;-0.319;-0.649
-0.285;-0.443;-0.637
-0.215;-0.567;-0.637
-0.020;-0.645;-0.634
-0.073;0.462;-0.617
0.173;0.858;0.126
0.299;0.355;-0.622
-0.262;0.284;-0.617
0.317;0.318;-0.617
0.299;0.280;-0.617
0.117;0.124;-0.617
0.175;0.064;-0.617
0.246;0.027;-0.617
0.352;-0.053;-0.623
-0.352;-0.319;-0.617
0.318;-0.425;-0.617
0.395;-0.248;-0.617
-0.073;-0.650;-0.617
0.264;-0.518;-0.617
-0.250;0.378;-0.599
0.175;0.468;-0.599
0.264;0.410;-0.599
-0.091;0.491;-0.599
0.299;0.266;-0.613
-0.268;0.284;-0.614
0.140;0.089;-0.616
-0.197;0.213;-0.613
-0.108;0.195;-0.615
-0.108;0.124;-0.608
-0.232;0.000;-0.610
0.352;-0.372;-0.608
-0.374;-0.193;-0.599
0.359;-0.372;-0.599
0.247;-0.549;-0.599
-0.215;-0.584;-0.603
-0.215;0.436;-0.581
0.157;0.513;-0.581
0.221;0.461;-0.581
0.345;0.355;-0.581
-0.179;0.461;-0.586
0.193;0.124;-0.587
-0.321;0.248;-0.586
-0.303;0.192;-0.581
-0.232;0.147;-0.581
-0.161;0.107;-0.583
-0.290;0.000;-0.581
-0.333;-0.035;-0.581
0.335;-0.440;-0.581
0.388;-0.349;-0.581
-0.356;-0.354;-0.594
-0.298;-0.496;-0.581
-0.037;-0.671;-0.581
-0.073;-0.673;-0.569
0.016;-0.681;-0.563
-0.091;0.567;-0.560
0.033;0.567;-0.571
-0.197;0.479;-0.569
0.335;0.213;-0.580
-0.339;0.211;-0.563
0.299;0.107;-0.573
0.376;0.319;-0.563
0.351;0.053;-0.563
-0.299;0.036;-0.563
0.441;-0.124;-0.564
-0.403;-0.159;-0.563
0.397;-0.354;-0.563
-0.339;-0.425;-0.570
-0.232;-0.584;-0.563
-0.268;0.430;-0.546
-0.232;0.549;-0.510
-0.161;0.554;-0.546
-0.002;0.603;-0.548
0.281;0.457;-0.546
-0.335;0.337;-0.546
-0.330;0.160;-0.546
0.385;0.248;-0.546
0.370;0.053;-0.554
0.441;-0.053;-0.557
0.441;-0.195;-0.554
-0.392;-0.357;-0.546
-0.321;-0.478;-0.560
0.178;-0.637;-0.546
0.087;-0.679;-0.546
0.033;-0.691;-0.545
0.122;0.614;-0.528
-0.144;0.567;-0.544
0.281;0.479;-0.532
0.370;0.372;-0.528
0.411;0.301;-0.528
-0.339;0.142;-0.529
-0.394;0.000;-0.528
0.453;0.000;-0.528
-0.430;-0.141;-0.528
0.388;-0.389;-0.545
0.292;-0.531;-0.528
-0.356;-0.449;-0.528
-0.167;-0.655;-0.528
-0.020;-0.712;-0.510
-0.215;0.567;-0.511
0.193;0.601;-0.510
-0.339;0.382;-0.510
-0.126;0.626;-0.510
-0.392;0.284;-0.510
0.392;0.142;-0.510
-0.356;0.107;-0.510
0.459;-0.124;-0.526
0.459;-0.230;-0.519
0.422;-0.372;-0.510
-0.374;-0.443;-0.510
-0.161;-0.668;-0.510
0.246;-0.584;-0.512
-0.091;0.658;-0.493
0.246;0.567;-0.503
0.303;0.514;-0.493
0.369;0.425;-0.493
0.423;0.213;-0.493
-0.375;0.337;-0.493
0.476;0.000;-0.501
-0.374;0.089;-0.498
0.461;-0.301;-0.493
0.388;-0.443;-0.496
-0.440;-0.319;-0.493
-0.303;-0.550;-0.493
-0.055;-0.720;-0.493
0.211;0.620;-0.484
0.281;0.566;-0.475
-0.291;0.532;-0.475
0.405;0.372;-0.481
0.441;0.251;-0.475
0.458;0.089;-0.475
-0.409;0.072;-0.475
-0.461;-0.017;-0.475
-0.463;-0.177;-0.484
-0.445;-0.319;-0.485
-0.392;-0.452;-0.475
-0.161;-0.686;-0.475
0.087;0.673;-0.482
0.175;-0.674;-0.475
0.335;0.520;-0.457
-0.251;0.603;-0.457
0.439;0.319;-0.457
0.441;0.177;-0.466
0.494;0.036;-0.457
0.489;-0.106;-0.457
-0.445;0.041;-0.457
-0.474;-0.159;-0.457
0.340;-0.513;-0.457
-0.335;-0.531;-0.457
-0.091;-0.736;-0.457
0.193;0.656;-0.457
-0.144;0.673;-0.457
0.402;0.443;-0.439
-0.285;0.587;-0.439
0.459;0.195;-0.447
-0.397;0.372;-0.439
-0.427;0.266;-0.449
0.494;-0.248;-0.445
0.459;-0.389;-0.439
-0.481;-0.177;-0.439
-0.445;-0.407;-0.440
-0.271;-0.602;-0.439
0.087;0.709;-0.445
0.302;0.585;-0.439
-0.126;0.711;-0.422
0.472;0.231;-0.422
0.051;0.727;-0.429
0.505;-0.124;-0.422
0.498;-0.301;-0.422
0.429;-0.443;-0.422
-0.467;0.053;-0.422
-0.487;-0.265;-0.422
-0.374;-0.505;-0.422
0.157;0.691;-0.438
0.370;0.496;-0.436
-0.161;0.709;-0.405
0.476;0.213;-0.418
0.512;0.036;-0.406
0.512;-0.088;-0.405
0.494;-0.336;-0.409
0.476;-0.388;-0.404
-0.474;0.071;-0.404
-0.485;-0.354;-0.404
-0.321;-0.567;-0.411
0.175;0.709;-0.404
0.370;0.532;-0.404
0.281;-0.603;-0.404
-0.232;0.673;-0.398
-0.091;0.744;-0.395
0.515;-0.301;-0.386
0.405;-0.482;-0.386
-0.427;0.372;-0.390
-0.503;-0.195;-0.386
-0.496;0.018;-0.386
-0.403;-0.496;-0.386
0.140;0.727;-0.400
0.335;0.590;-0.386
0.476;0.284;-0.386
-0.268;0.656;-0.383
-0.096;0.762;-0.369
0.033;0.762;-0.383
0.483;-0.407;-0.369
-0.427;0.425;-0.369
-0.448;0.301;-0.369
-0.505;-0.319;-0.369
-0.372;-0.531;-0.369
0.157;0.741;-0.369
0.370;0.561;-0.369
0.485;0.266;-0.369
-0.225;-0.708;-0.369
0.532;-0.017;-0.351
0.062;0.780;-0.351
0.494;-0.389;-0.367
0.441;-0.465;-0.351
-0.503;0.053;-0.351
-0.445;0.337;-0.367
-0.513;-0.319;-0.351
-0.339;-0.575;-0.351
0.264;0.690;-0.351
0.426;0.496;-0.351
0.510;0.160;-0.351
0.534;0.018;-0.333
0.547;-0.195;-0.333
-0.144;0.762;-0.346
-0.385;0.549;-0.333
-0.513;0.036;-0.333
-0.479;0.213;-0.333
-0.498;-0.427;-0.333
-0.297;-0.637;-0.333
0.311;0.656;-0.333
0.476;0.408;-0.333
0.211;-0.744;-0.363
0.551;-0.106;-0.315
-0.126;0.793;-0.315
0.051;0.806;-0.315
-0.392;0.549;-0.320
-0.498;0.107;-0.331
-0.533;-0.197;-0.315
-0.518;-0.389;-0.315
-0.261;-0.726;-0.315
0.299;0.673;-0.325
0.474;0.443;-0.315
0.529;0.077;-0.315
0.559;-0.177;-0.298
-0.161;0.780;-0.312
-0.020;0.823;-0.298
-0.384;0.585;-0.298
-0.513;0.089;-0.298
-0.480;0.284;-0.300
-0.498;-0.443;-0.298
-0.273;-0.726;-0.298
0.299;0.687;-0.298
0.479;0.443;-0.298
0.529;0.100;-0.298
0.263;-0.729;-0.315
0.557;0.000;-0.280
0.553;-0.301;-0.280
0.529;-0.369;-0.280
-0.409;0.555;-0.280
-0.516;0.089;-0.286
-0.547;-0.230;-0.280
-0.392;-0.559;-0.280
0.122;0.803;-0.280
0.352;0.638;-0.283
0.495;0.390;-0.280
-0.356;0.653;-0.262
-0.338;0.673;-0.262
-0.073;0.833;-0.269
-0.392;0.603;-0.262
-0.480;0.408;-0.270
-0.541;0.000;-0.262
-0.553;-0.248;-0.262
-0.446;-0.513;-0.262
-0.285;-0.726;-0.280
0.317;0.686;-0.262
0.494;0.433;-0.262
0.548;0.053;-0.262
0.529;0.142;-0.261
0.561;0.018;-0.245
-0.463;0.479;-0.252
-0.524;0.124;-0.245
-0.551;-0.283;-0.258
-0.392;-0.584;-0.245
0.157;0.797;-0.254
0.565;-0.014;-0.245
0.565;-0.265;-0.262
0.441;-0.496;-0.257
0.405;-0.531;-0.257
0.547;0.089;-0.233
-0.273;0.762;-0.227
0.051;0.851;-0.231
0.512;-0.430;-0.227
-0.516;0.231;-0.229
-0.560;-0.159;-0.227
-0.443;-0.531;-0.227
0.104;0.835;-0.227
0.370;0.638;-0.243
0.512;0.390;-0.227
-0.037;0.856;-0.227
-0.250;0.791;-0.209
0.561;0.053;-0.209
0.576;-0.195;-0.209
0.541;-0.372;-0.209
0.441;-0.508;-0.209
-0.560;-0.106;-0.209
-0.463;-0.515;-0.209
0.140;0.824;-0.209
0.384;0.638;-0.209
0.522;0.372;-0.209
-0.268;0.786;-0.191
-0.333;0.727;-0.191
0.556;-0.319;-0.191
0.529;-0.408;-0.191
-0.539;0.107;-0.191
-0.568;-0.212;-0.191
-0.427;-0.573;-0.191
0.201;0.797;-0.191
0.423;0.600;-0.191
0.537;0.301;-0.191
-0.498;0.481;-0.174
-0.250;0.803;-0.174
-0.303;0.762;-0.182
0.551;-0.336;-0.174
-0.534;0.213;-0.174
0.388;-0.655;-0.176
-0.551;-0.313;-0.174
-0.409;-0.627;-0.174
0.335;0.709;-0.180
0.512;0.481;-0.174
-0.516;0.443;-0.156
-0.356;0.723;-0.156
-0.427;0.620;-0.157
0.467;-0.496;-0.156
0.459;-0.506;-0.156
0.388;-0.708;-0.171
-0.531;-0.389;-0.156
-0.392;-0.711;-0.156
0.422;0.620;-0.156
0.547;0.319;-0.161
0.175;0.815;-0.181
0.560;-0.017;-0.138
0.565;-0.195;-0.141
-0.445;0.603;-0.138
0.441;-0.531;-0.152
0.405;-0.673;-0.142
-0.551;-0.319;-0.146
-0.409;-0.655;-0.154
0.416;0.638;-0.138
0.551;0.372;-0.138
0.565;0.036;-0.127
-0.356;0.736;-0.121
0.494;-0.464;-0.121
0.423;-0.578;-0.121
-0.551;0.142;-0.124
-0.553;-0.319;-0.121
-0.417;-0.673;-0.121
0.441;0.614;-0.121
0.563;0.319;-0.121
-0.502;0.532;-0.103
0.562;0.160;-0.103
0.555;-0.053;-0.103
-0.483;0.567;-0.103
-0.558;0.248;-0.103
-0.555;-0.017;-0.103
-0.551;-0.336;-0.104
-0.422;-0.691;-0.103
0.494;0.549;-0.104
0.571;0.284;-0.085
0.564;0.107;-0.085
0.560;-0.141;-0.085
0.469;-0.496;-0.085
0.423;-0.620;-0.102
-0.553;-0.035;-0.085
-0.554;-0.301;-0.085
-0.430;-0.655;-0.085
0.476;0.581;-0.085
-0.273;0.806;-0.109
0.574;0.248;-0.067
-0.549;0.425;-0.067
0.559;-0.212;-0.067
0.484;-0.460;-0.067
0.439;-0.567;-0.067
-0.545;-0.106;-0.067
-0.487;-0.478;-0.067
0.413;0.673;-0.067
0.578;0.408;-0.067
0.553;0.000;-0.050
0.485;-0.443;-0.050
0.446;-0.708;-0.050
-0.392;0.726;-0.050
-0.571;0.248;-0.050
-0.543;-0.106;-0.050
-0.463;-0.517;-0.050
0.459;0.616;-0.050
0.588;0.337;-0.050
-0.510;0.585;-0.032
0.583;0.177;-0.034
-0.374;0.744;-0.041
-0.480;0.620;-0.046
-0.576;0.160;-0.032
0.450;-0.726;-0.032
-0.498;-0.443;-0.046
0.370;0.744;-0.039
0.580;0.461;-0.032
-0.551;0.461;-0.032
0.600;0.201;-0.014
0.554;-0.035;-0.014
-0.578;0.124;-0.014
-0.542;-0.141;-0.014
0.447;-0.584;-0.014
-0.445;-0.557;-0.014
0.434;0.656;-0.014
-0.179;0.863;-0.014
0.606;0.372;0.003
0.618;0.231;0.003
0.578;0.089;0.003
0.565;-0.159;0.002
0.563;-0.230;0.003
0.476;-0.407;-0.009
0.447;-0.637;0.003
0.405;0.699;0.003
-0.533;0.581;0.021
0.622;0.195;0.021
0.564;0.036;0.021
0.567;-0.159;0.021
-0.569;0.071;0.011
0.464;-0.425;0.021
0.448;-0.673;0.021
-0.456;-0.673;0.021
0.586;0.443;0.021
0.526;0.563;0.003
0.583;0.089;0.024
-0.496;0.638;0.039
-0.594;0.160;0.039
0.461;-0.425;0.039
0.446;-0.637;0.039
-0.453;-0.496;0.039
0.458;0.638;0.039
0.636;0.248;0.047
-0.598;0.443;0.057
-0.598;0.266;0.057
-0.577;0.053;0.057
-0.533;-0.300;0.057
-0.452;-0.549;0.057
0.547;0.540;0.057
0.636;0.284;0.057
-0.604;0.107;0.446
0.529;0.573;0.057
-0.568;0.549;0.074
-0.606;0.266;0.074
0.637;0.248;0.074
-0.544;-0.071;0.074
0.443;-0.531;0.092
-0.463;-0.362;0.074
0.446;0.656;0.074
-0.516;0.620;0.092
0.577;0.036;0.092
-0.604;0.135;0.092
-0.549;-0.053;0.092
-0.533;-0.283;0.090
0.441;-0.691;0.085
-0.452;-0.602;0.092
0.587;0.425;0.092
-0.616;0.372;0.080
0.628;0.177;0.110
-0.622;0.266;0.103
0.637;0.266;0.110
-0.520;-0.141;0.110
0.441;-0.549;0.107
-0.480;-0.300;0.110
-0.463;-0.674;0.110
0.622;0.107;0.127
0.494;-0.206;0.127
0.476;-0.265;0.124
-0.534;-0.106;0.127
-0.526;-0.708;0.127
-0.445;-0.478;0.111
0.583;0.425;0.114
-0.604;0.457;0.127
0.483;0.638;0.127
0.620;0.160;0.145
-0.635;0.248;0.145
0.510;-0.159;0.145
0.466;-0.301;0.145
-0.533;-0.708;0.141
0.423;-0.673;0.136
-0.445;-0.584;0.129
0.607;0.355;0.145
-0.651;0.337;0.163
-0.588;0.107;0.163
-0.575;-0.053;0.163
0.476;-0.248;0.163
-0.445;-0.354;0.147
-0.432;-0.602;0.163
0.565;0.453;0.163
-0.613;0.436;0.145
0.534;0.573;0.145
0.600;0.036;0.171
0.459;-0.300;0.181
0.406;-0.673;0.181
-0.647;0.266;0.181
-0.591;-0.053;0.181
-0.480;-0.236;0.181
-0.423;-0.513;0.181
-0.543;0.585;0.198
0.621;0.107;0.198
-0.612;0.425;0.198
-0.639;0.231;0.198
-0.587;0.092;0.198
0.405;-0.673;0.182
-0.569;-0.733;0.198
-0.414;-0.496;0.198
-0.609;0.436;0.181
0.531;0.570;0.174
0.602;0.337;0.216
-0.648;0.284;0.216
-0.599;0.142;0.216
0.459;-0.265;0.216
-0.533;-0.702;0.216
-0.445;-0.285;0.216
0.423;-0.750;0.216
0.529;0.541;0.216
0.600;0.319;0.233
0.618;0.124;0.234
0.533;-0.088;0.234
-0.602;0.036;0.234
0.403;-0.513;0.234
0.387;-0.673;0.234
-0.409;-0.407;0.217
0.529;0.532;0.224
0.598;0.045;0.229
0.423;0.673;0.213
-0.597;0.425;0.251
-0.640;0.218;0.251
0.591;0.036;0.251
-0.516;-0.141;0.251
-0.545;-0.726;0.251
0.405;-0.443;0.251
0.388;-0.602;0.238
0.423;-0.733;0.251
-0.569;0.474;0.269
-0.643;0.231;0.269
0.588;0.036;0.269
0.536;-0.088;0.269
-0.501;-0.691;0.269
-0.426;-0.265;0.269
-0.372;-0.407;0.269
-0.445;-0.641;0.269
-0.215;0.851;0.243
-0.551;-0.043;0.269
-0.542;0.585;0.287
0.565;0.319;0.286
-0.629;0.284;0.287
0.561;-0.053;0.287
0.529;-0.117;0.287
0.405;-0.333;0.287
0.378;-0.460;0.287
0.367;-0.620;0.287
0.512;-0.751;0.287
-0.537;0.585;0.305
-0.566;0.461;0.305
-0.622;0.285;0.305
0.574;-0.017;0.305
0.512;-0.174;0.305
-0.516;-0.726;0.303
0.370;-0.478;0.298
0.362;-0.637;0.305
-0.353;-0.567;0.305
-0.427;0.728;0.305
0.529;0.472;0.322
-0.580;0.390;0.322
0.591;0.124;0.322
0.569;-0.035;0.322
-0.445;-0.212;0.322
0.447;-0.265;0.322
-0.339;-0.407;0.313
0.353;-0.602;0.322
-0.445;-0.654;0.322
0.533;0.408;0.340
-0.598;0.319;0.340
-0.604;0.115;0.340
0.547;-0.111;0.340
-0.499;-0.744;0.340
0.405;-0.317;0.340
0.352;-0.549;0.329
0.377;-0.655;0.340
0.512;0.499;0.340
-0.392;0.744;0.320
-0.144;0.837;0.340
0.512;0.479;0.358
-0.413;0.709;0.358
0.571;0.213;0.358
0.565;0.000;0.358
0.526;-0.177;0.358
-0.514;-0.106;0.358
0.370;-0.372;0.351
0.370;-0.647;0.358
-0.411;-0.637;0.358
-0.506;0.567;0.375
-0.569;0.382;0.375
-0.463;0.656;0.368
-0.591;0.319;0.375
-0.616;0.124;0.375
-0.539;-0.053;0.375
0.378;-0.354;0.375
-0.351;-0.319;0.375
0.436;-0.691;0.375
-0.307;-0.549;0.375
-0.215;0.805;0.375
0.453;0.549;0.393
0.503;0.425;0.393
0.529;0.296;0.393
0.565;0.124;0.392
-0.610;0.107;0.393
-0.533;-0.069;0.393
-0.445;-0.195;0.381
0.390;-0.336;0.393
-0.271;-0.460;0.393
0.478;-0.744;0.393
-0.516;0.496;0.411
0.492;0.425;0.411
0.547;0.248;0.401
-0.604;0.263;0.411
-0.596;0.053;0.411
-0.498;-0.116;0.411
0.433;-0.283;0.411
0.317;-0.549;0.396
-0.254;-0.443;0.411
-0.261;-0.513;0.411
-0.321;0.744;0.394
-0.427;-0.726;0.421
-0.551;0.404;0.429
-0.392;0.673;0.429
0.543;0.213;0.429
-0.607;0.107;0.429
-0.504;-0.106;0.429
-0.374;-0.283;0.414
0.459;-0.246;0.429
0.388;-0.328;0.429
-0.265;-0.549;0.429
-0.374;-0.641;0.429
-0.516;0.456;0.446
0.453;0.496;0.446
-0.451;0.585;0.446
0.530;0.142;0.446
-0.604;0.142;0.446
-0.569;-0.020;0.446
0.423;-0.282;0.446
-0.339;-0.296;0.446
-0.238;-0.389;0.446
0.423;-0.711;0.446
-0.392;-0.691;0.446
-0.169;0.780;0.446
-0.551;0.372;0.459
0.476;0.373;0.464
-0.580;0.284;0.464
-0.601;0.124;0.464
-0.517;-0.088;0.464
-0.409;-0.217;0.464
-0.321;-0.301;0.455
-0.197;-0.408;0.464
0.281;-0.567;0.457
0.370;-0.663;0.464
-0.516;0.425;0.473
0.409;0.532;0.482
-0.485;0.479;0.482
-0.582;0.213;0.482
0.512;0.124;0.466
-0.463;-0.141;0.482
0.460;-0.212;0.482
0.299;-0.419;0.482
-0.153;-0.443;0.482
-0.321;-0.620;0.467
-0.374;-0.744;0.475
0.392;-0.708;0.482
0.292;0.638;0.482
0.069;0.785;0.482
0.352;-0.676;0.499
-0.463;0.514;0.487
-0.588;0.142;0.499
-0.431;-0.177;0.499
-0.126;-0.438;0.499
-0.321;-0.655;0.494
0.293;0.620;0.499
0.494;0.301;0.487
0.494;-0.077;0.499
0.317;-0.389;0.487
0.211;-0.513;0.492
0.281;-0.621;0.517
0.335;-0.679;0.517
0.370;-0.744;0.515
0.399;0.496;0.517
0.456;0.355;0.517
0.494;0.213;0.507
-0.533;-0.050;0.517
0.482;-0.088;0.517
-0.220;-0.354;0.517
-0.103;-0.425;0.517
-0.285;-0.637;0.514
-0.321;-0.691;0.505
0.264;-0.602;0.516
0.246;0.656;0.517
-0.285;-0.298;0.517
0.211;0.673;0.532
0.277;0.603;0.535
0.352;0.549;0.520
0.424;0.390;0.535
0.476;0.266;0.532
-0.533;-0.035;0.535
0.475;-0.071;0.535
0.450;-0.141;0.535
-0.037;-0.444;0.535
-0.250;-0.632;0.535
-0.293;-0.726;0.535
-0.073;-0.533;0.535
-0.144;-0.567;0.545
0.016;-0.513;0.544
0.033;-0.535;0.553
0.264;0.603;0.549
0.335;0.531;0.553
-0.551;0.248;0.539
0.459;0.284;0.553
-0.523;-0.035;0.553
0.459;-0.088;0.553
-0.339;-0.239;0.553
0.069;-0.478;0.551
-0.002;-0.440;0.553
-0.232;-0.620;0.538
-0.261;-0.708;0.553
-0.073;-0.550;0.553
-0.179;0.709;0.540
-0.285;-0.278;0.553
-0.250;0.641;0.570
0.264;-0.673;0.565
0.281;-0.726;0.570
-0.445;0.427;0.570
-0.505;0.337;0.570
-0.551;0.195;0.558
-0.551;0.039;0.570
-0.487;-0.088;0.570
0.441;-0.097;0.570
0.352;-0.263;0.570
0.051;-0.423;0.570
-0.250;-0.691;0.556
-0.144;-0.602;0.570
0.069;-0.549;0.558
-0.250;0.638;0.573
-0.161;-0.673;0.588
0.264;-0.708;0.578
-0.427;0.443;0.576
-0.457;0.390;0.588
-0.516;0.248;0.588
0.375;0.390;0.588
-0.502;-0.053;0.588
-0.356;-0.212;0.585
0.462;-0.017;0.588
0.051;-0.407;0.581
0.246;-0.354;0.583
0.140;-0.407;0.588
-0.070;-0.602;0.588
0.140;-0.602;0.582
-0.002;0.718;0.588
0.140;-0.637;0.597
0.126;0.656;0.606
0.246;-0.744;0.593
0.336;0.443;0.606
0.433;0.213;0.606
0.435;-0.071;0.606
0.264;-0.319;0.596
0.092;-0.637;0.606
-0.268;0.581;0.606
-0.427;0.400;0.606
-0.533;0.107;0.603
-0.480;-0.088;0.606
-0.197;-0.336;0.598
0.069;-0.389;0.591
0.051;-0.620;0.605
0.104;-0.655;0.609
0.069;-0.708;0.620
0.157;-0.708;0.613
0.157;-0.726;0.618
0.051;-0.637;0.610
-0.374;0.423;0.623
0.158;0.603;0.623
-0.517;0.089;0.623
0.313;0.443;0.623
0.370;0.337;0.619
-0.427;-0.129;0.623
-0.215;-0.316;0.623
-0.020;-0.372;0.617
0.388;-0.195;0.608
0.264;-0.293;0.623
0.104;-0.354;0.609
-0.055;0.673;0.636
0.051;-0.726;0.628
0.114;0.620;0.641
-0.392;0.372;0.636
0.281;0.479;0.628
-0.516;0.089;0.624
0.405;0.248;0.639
-0.463;0.237;0.641
0.441;-0.017;0.631
0.276;-0.265;0.641
0.104;-0.744;0.634
-0.303;-0.233;0.641
-0.037;0.652;0.659
-0.232;0.548;0.659
-0.303;0.461;0.650
-0.346;0.372;0.659
-0.427;0.284;0.646
-0.427;0.266;0.651
-0.463;0.195;0.653
0.441;0.018;0.644
0.386;-0.088;0.659
-0.463;-0.075;0.659
0.247;-0.283;0.659
-0.190;-0.319;0.659
-0.267;-0.259;0.644
0.051;-0.314;0.677
0.122;0.567;0.667
0.192;0.496;0.677
-0.161;0.593;0.677
0.335;0.337;0.668
0.388;0.213;0.663
-0.409;0.231;0.661
-0.427;0.195;0.665
-0.409;0.142;0.667
-0.392;0.107;0.671
0.299;-0.221;0.677
-0.432;-0.088;0.677
-0.198;-0.301;0.677
0.052;-0.301;0.694
-0.285;0.389;0.694
-0.073;0.603;0.686
0.264;0.390;0.693
0.016;0.578;0.694
-0.374;0.160;0.684
0.352;0.213;0.690
-0.427;-0.055;0.694
-0.374;-0.159;0.688
0.317;-0.195;0.693
-0.144;-0.301;0.694
0.264;-0.231;0.694
-0.232;0.461;0.707
0.175;0.447;0.712
-0.179;0.532;0.705
0.317;0.231;0.712
0.352;0.142;0.705
0.346;-0.071;0.712
0.299;-0.166;0.712
0.370;0.000;0.709
-0.356;0.036;0.701
-0.374;-0.017;0.712
-0.323;-0.195;0.712
-0.108;-0.290;0.712
0.087;0.483;0.730
0.175;0.443;0.715
-0.055;0.532;0.720
0.287;0.266;0.730
-0.203;0.443;0.730
-0.321;0.266;0.716
0.313;-0.071;0.730
0.335;-0.088;0.712
-0.339;0.000;0.719
-0.341;-0.141;0.730
-0.250;-0.230;0.723
-0.037;-0.301;0.721
0.033;-0.283;0.731
-0.179;0.461;0.732
0.193;0.408;0.731
-0.179;0.412;0.747
0.281;0.129;0.747
0.313;0.036;0.747
-0.288;0.213;0.747
0.264;-0.088;0.746
0.228;-0.166;0.747
0.157;-0.219;0.747
-0.250;-0.212;0.740
-0.037;-0.265;0.764
0.069;-0.248;0.748
0.087;0.422;0.765
0.016;0.441;0.765
-0.239;0.284;0.765
0.264;0.107;0.760
-0.285;0.071;0.758
0.281;-0.017;0.754
-0.303;-0.141;0.752
-0.268;-0.177;0.758
-0.144;-0.227;0.765
0.294;0.157;0.733
-0.002;-0.230;0.780
0.157;0.349;0.783
0.191;0.142;0.783
0.264;0.036;0.774
0.140;-0.176;0.783
-0.073;0.408;0.777
-0.232;0.301;0.766
-0.268;0.089;0.770
-0.232;0.000;0.779
-0.215;-0.159;0.782
-0.037;-0.195;0.784
-0.020;0.390;0.792
0.069;0.365;0.801
0.175;0.319;0.789
-0.144;0.323;0.801
0.127;0.160;0.801
-0.188;0.089;0.801
-0.232;-0.053;0.794
0.157;-0.035;0.795
-0.197;-0.017;0.801
-0.126;-0.115;0.801
0.087;-0.195;0.786
0.168;0.089;0.799
0.122;0.319;0.806
-0.108;0.301;0.818
0.104;0.177;0.803
0.004;0.337;0.818
0.122;-0.088;0.806
-0.120;0.195;0.818
-0.108;0.089;0.814
-0.091;0.053;0.815
-0.108;-0.017;0.817
-0.059;0.018;0.818
-0.179;-0.106;0.804
0.016;-0.108;0.818
0.087;-0.106;0.824
0.033;0.301;0.824
0.033;0.213;0.827
-0.055;0.142;0.821
-0.073;0.018;0.818
0.033;-0.017;0.822
0.104;0.036;0.804